word,valence,foundation
compassion,virtue,harm
empathy,virtue,harm
kindness,virtue,harm
caring,virtue,harm
generosity,virtue,harm
benevolence,virtue,harm
altruism,virtue,harm
compassionate,virtue,harm
nurture,virtue,harm
gentleness,virtue,harm
nurturance,virtue,harm
sympathy,virtue,harm
nurturing,virtue,harm
motherly,virtue,harm
love,virtue,harm
beneficence,virtue,harm
empathize,virtue,harm
helpfulness,virtue,harm
loving,virtue,harm
pity,virtue,harm
mercy,virtue,harm
nurturer,virtue,harm
compassionately,virtue,harm
nurturers,virtue,harm
caringly,virtue,harm
empathising,virtue,harm
merciful,virtue,harm
empathizing,virtue,harm
nurtures,virtue,harm
warmhearted,virtue,harm
empathizers,virtue,harm
protectiveness,virtue,harm
nurtured,virtue,harm
benevolent,virtue,harm
mothering,virtue,harm
cared,virtue,harm
healing,virtue,harm
empathises,virtue,harm
humane,virtue,harm
comfort,virtue,harm
pitied,virtue,harm
loved,virtue,harm
altruist,virtue,harm
cares,virtue,harm
pitying,virtue,harm
comforted,virtue,harm
hug,virtue,harm
comforting,virtue,harm
consoling,virtue,harm
empathizes,virtue,harm
sympathize,virtue,harm
care,virtue,harm
caregiver,virtue,harm
empathised,virtue,harm
hugs,virtue,harm
heal,virtue,harm
generous,virtue,harm
condolences,virtue,harm
mothered,virtue,harm
charitable,virtue,harm
generously,virtue,harm
pities,virtue,harm
condolence,virtue,harm
help,virtue,harm
consolingly,virtue,harm
solace,virtue,harm
mother,virtue,harm
healer,virtue,harm
hospitality,virtue,harm
charity,virtue,harm
empathized,virtue,harm
healers,virtue,harm
pityingly,virtue,harm
mothers,virtue,harm
child,virtue,harm
lovingly,virtue,harm
parenting,virtue,harm
rescuing,virtue,harm
rescuer,virtue,harm
loves,virtue,harm
consoled,virtue,harm
clothe,virtue,harm
sympathizing,virtue,harm
helping,virtue,harm
shared,virtue,harm
childhood,virtue,harm
mommy,virtue,harm
vulnerability,virtue,harm
helpers,virtue,harm
lover,virtue,harm
hospitable,virtue,harm
sharer,virtue,harm
feeding,virtue,harm
nursed,virtue,harm
helper,virtue,harm
safeness,virtue,harm
nurses,virtue,harm
protector,virtue,harm
motherhood,virtue,harm
alleviation,virtue,harm
nursemaid,virtue,harm
safeguard,virtue,harm
protect,virtue,harm
healthiness,virtue,harm
protecters,virtue,harm
patient,virtue,harm
nurse,virtue,harm
vulnerable,virtue,harm
benefit,virtue,harm
feed,virtue,harm
childcare,virtue,harm
rescuers,virtue,harm
hugged,virtue,harm
helpful,virtue,harm
rescues,virtue,harm
nursing,virtue,harm
protecting,virtue,harm
heals,virtue,harm
childbearing,virtue,harm
hugger,virtue,harm
relief,virtue,harm
healed,virtue,harm
rescued,virtue,harm
patients,virtue,harm
share,virtue,harm
rescue,virtue,harm
healthy,virtue,harm
hospitalise,virtue,harm
hospitalising,virtue,harm
hugging,virtue,harm
nursery,virtue,harm
healthier,virtue,harm
sharing,virtue,harm
helps,virtue,harm
sympathizers,virtue,harm
hospitalises,virtue,harm
alleviating,virtue,harm
wounded,virtue,harm
wounds,virtue,harm
hospitalize,virtue,harm
alleviate,virtue,harm
protective,virtue,harm
protection,virtue,harm
health,virtue,harm
relieve,virtue,harm
sympathizer,virtue,harm
safety,virtue,harm
beneficiary,virtue,harm
helped,virtue,harm
hospital,virtue,harm
childbirth,virtue,harm
benefits,virtue,harm
healthcare,virtue,harm
relievers,virtue,harm
feeds,virtue,harm
hospitalization,virtue,harm
benefitting,virtue,harm
relieving,virtue,harm
safe,virtue,harm
feeder,virtue,harm
benefitted,virtue,harm
hospitalized,virtue,harm
unharmful,virtue,harm
protects,virtue,harm
unharmed,virtue,harm
protecter,virtue,harm
safely,virtue,harm
safekeeping,virtue,harm
hospitalizing,virtue,harm
wounding,virtue,harm
reliever,virtue,harm
shares,virtue,harm
relieves,virtue,harm
alleviates,virtue,harm
relieved,virtue,harm
hospitalizes,virtue,harm
console,virtue,harm
protectorate,virtue,harm
alleviated,virtue,harm
protected,virtue,harm
wound,virtue,harm
consoles,virtue,harm
harm,vice,harm
suffer,vice,harm
hurt,vice,harm
harmed,vice,harm
hurting,vice,harm
hurts,vice,harm
cruel,vice,harm
endanger,vice,harm
harming,vice,harm
harms,vice,harm
suffering,vice,harm
threaten,vice,harm
inflict,vice,harm
suffered,vice,harm
harmful,vice,harm
inflicted,vice,harm
mistreat,vice,harm
endangers,vice,harm
damaging,vice,harm
injurious,vice,harm
victimize,vice,harm
inflicts,vice,harm
hurtful,vice,harm
suffers,vice,harm
inflicting,vice,harm
injures,vice,harm
vulnerable,vice,harm
unkind,vice,harm
damage,vice,harm
kill,vice,harm
die,vice,harm
victimizes,vice,harm
torment,vice,harm
destroy,vice,harm
brutalise,vice,harm
brutalises,vice,harm
distresses,vice,harm
endangering,vice,harm
mistreats,vice,harm
afflict,vice,harm
distressing,vice,harm
destroys,vice,harm
victimises,vice,harm
maltreat,vice,harm
pain,vice,harm
harsh,vice,harm
mistreated,vice,harm
ravage,vice,harm
threatened,vice,harm
harass,vice,harm
unkindness,vice,harm
afflicted,vice,harm
threatens,vice,harm
threatening,vice,harm
distress,vice,harm
brutalize,vice,harm
tormenting,vice,harm
brutalized,vice,harm
victimizing,vice,harm
damager,vice,harm
damaged,vice,harm
bully,vice,harm
agony,vice,harm
abused,vice,harm
coldhearted,vice,harm
inhuman,vice,harm
injured,vice,harm
torments,vice,harm
brutalizes,vice,harm
uncompassionate,vice,harm
cruelty,vice,harm
tormented,vice,harm
mistreating,vice,harm
endangered,vice,harm
uncaring,vice,harm
anguishes,vice,harm
destroying,vice,harm
killed,vice,harm
mistreatment,vice,harm
bullied,vice,harm
harsher,vice,harm
cruelness,vice,harm
tortured,vice,harm
pained,vice,harm
tortures,vice,harm
torturing,vice,harm
maltreated,vice,harm
anguish,vice,harm
persecutes,vice,harm
maltreatment,vice,harm
brutalizing,vice,harm
attacked,vice,harm
victim,vice,harm
crying,vice,harm
damages,vice,harm
discomforting,vice,harm
abusing,vice,harm
threat,vice,harm
persecute,vice,harm
brutalization,vice,harm
violent,vice,harm
annihilated,vice,harm
torturous,vice,harm
harasses,vice,harm
injurer,vice,harm
destroyed,vice,harm
molests,vice,harm
molest,vice,harm
injuring,vice,harm
afflicts,vice,harm
killing,vice,harm
ache,vice,harm
wounded,vice,harm
persecuted,vice,harm
ravages,vice,harm
harassed,vice,harm
exploited,vice,harm
injury,vice,harm
brutalisation,vice,harm
discomfort,vice,harm
unmerciful,vice,harm
annihilate,vice,harm
exploiters,vice,harm
injurers,vice,harm
destruction,vice,harm
manhandle,vice,harm
kills,vice,harm
casualties,vice,harm
maltreating,vice,harm
victims,vice,harm
harassing,vice,harm
needier,vice,harm
smother,vice,harm
harassment,vice,harm
smothers,vice,harm
unhelpful,vice,harm
agonize,vice,harm
inhumanity,vice,harm
duress,vice,harm
victimization,vice,harm
exploiting,vice,harm
cried,vice,harm
wounds,vice,harm
wounding,vice,harm
murderous,vice,harm
ravaged,vice,harm
uncaringly,vice,harm
pains,vice,harm
painfulness,vice,harm
manhandles,vice,harm
bullies,vice,harm
assaulted,vice,harm
uncharitable,vice,harm
distressed,vice,harm
persecution,vice,harm
murdered,vice,harm
ravaging,vice,harm
discomforted,vice,harm
exploitation,vice,harm
torture,vice,harm
murderers,vice,harm
aches,vice,harm
afflictions,vice,harm
ungenerous,vice,harm
victimizer,vice,harm
agonizing,vice,harm
paining,vice,harm
persecuting,vice,harm
exploit,vice,harm
harassers,vice,harm
malevolent,vice,harm
stabs,vice,harm
sorrowful,vice,harm
assaults,vice,harm
needy,vice,harm
affliction,vice,harm
cries,vice,harm
fighting,vice,harm
fight,vice,harm
attack,vice,harm
annihilates,vice,harm
sorrow,vice,harm
agonized,vice,harm
assaulting,vice,harm
inhospitable,vice,harm
threats,vice,harm
ached,vice,harm
rapists,vice,harm
abuser,vice,harm
raped,vice,harm
assassinates,vice,harm
stabbed,vice,harm
inhospitality,vice,harm
annihilation,vice,harm
punch,vice,harm
harshness,vice,harm
abusers,vice,harm
killer,vice,harm
sufferers,vice,harm
victimizers,vice,harm
smite,vice,harm
killers,vice,harm
discomforts,vice,harm
fatalities,vice,harm
molested,vice,harm
brutality,vice,harm
murdering,vice,harm
torturer,vice,harm
torturers,vice,harm
fights,vice,harm
harmfulness,vice,harm
bullying,vice,harm
casualty,vice,harm
sufferer,vice,harm
exploiter,vice,harm
fatality,vice,harm
punches,vice,harm
abuses,vice,harm
attacks,vice,harm
vulnerability,vice,harm
carnage,vice,harm
tribulation,vice,harm
annihilator,vice,harm
smothering,vice,harm
bullyboy,vice,harm
murderer,vice,harm
wound,vice,harm
stabber,vice,harm
tormenters,vice,harm
malevolence,vice,harm
raping,vice,harm
smothered,vice,harm
assault,vice,harm
genocidal,vice,harm
anguishing,vice,harm
aching,vice,harm
anguished,vice,harm
stabbing,vice,harm
rapist,vice,harm
harasser,vice,harm
hungers,vice,harm
hunger,vice,harm
molesting,vice,harm
rape,vice,harm
molesters,vice,harm
punched,vice,harm
violence,vice,harm
distressingly,vice,harm
molester,vice,harm
stabbers,vice,harm
neediness,vice,harm
assassinate,vice,harm
agonizingly,vice,harm
tribulations,vice,harm
unhelpfulness,vice,harm
assaulter,vice,harm
puncher,vice,harm
punching,vice,harm
rapes,vice,harm
genocides,vice,harm
attackers,vice,harm
tormentor,vice,harm
assassinations,vice,harm
destroyers,vice,harm
punchers,vice,harm
sorrows,vice,harm
tormenter,vice,harm
threateningly,vice,harm
murder,vice,harm
destroyer,vice,harm
assassinating,vice,harm
crier,vice,harm
assassinated,vice,harm
molestation,vice,harm
attacker,vice,harm
murders,vice,harm
genocide,vice,harm
fighter,vice,harm
assassins,vice,harm
assaulters,vice,harm
hungering,vice,harm
achingly,vice,harm
hungered,vice,harm
murderess,vice,harm
assassin,vice,harm
exploits,vice,harm
fighters,vice,harm
assassination,vice,harm
equality,virtue,fairness
fairness,virtue,fairness
justice,virtue,fairness
rights,virtue,fairness
equitable,virtue,fairness
civil rights,virtue,fairness
fairplay,virtue,fairness
impartiality,virtue,fairness
equal,virtue,fairness
fairminded,virtue,fairness
proportionality,virtue,fairness
equalities,virtue,fairness
fair,virtue,fairness
integrity,virtue,fairness
impartial,virtue,fairness
reciprocity,virtue,fairness
honesty,virtue,fairness
egalitarian,virtue,fairness
civil right,virtue,fairness
law,virtue,fairness
justness,virtue,fairness
unbias,virtue,fairness
egalitarians,virtue,fairness
parity,virtue,fairness
objectiveness,virtue,fairness
reparations,virtue,fairness
unprejudiced,virtue,fairness
justices,virtue,fairness
laws,virtue,fairness
tribunals,virtue,fairness
retribution,virtue,fairness
reparation,virtue,fairness
lawfully,virtue,fairness
lawful,virtue,fairness
honest,virtue,fairness
compensation,virtue,fairness
lawyers,virtue,fairness
sportsmanship,virtue,fairness
tribunal,virtue,fairness
do unto others,virtue,fairness
golden rule,virtue,fairness
lawyer,virtue,fairness
proportional,virtue,fairness
equity,virtue,fairness
lawyering,virtue,fairness
trust,virtue,fairness
reciprocal,virtue,fairness
being objective,virtue,fairness
justification,virtue,fairness
trustworthiness,virtue,fairness
unbiased,virtue,fairness
vengeance,virtue,fairness
revenge,virtue,fairness
retributions,virtue,fairness
equals,virtue,fairness
equalize,virtue,fairness
refereeing,virtue,fairness
restitution,virtue,fairness
compensating,virtue,fairness
been objective,virtue,fairness
pay back,virtue,fairness
justified,virtue,fairness
justifies,virtue,fairness
retaliation,virtue,fairness
lawyered,virtue,fairness
compensated,virtue,fairness
referees,virtue,fairness
karma,virtue,fairness
will share,virtue,fairness
avenger,virtue,fairness
trusting,virtue,fairness
avengers,virtue,fairness
square deal,virtue,fairness
trusts,virtue,fairness
compensate,virtue,fairness
trustworthy,virtue,fairness
levels the playing field,virtue,fairness
tit for tat,virtue,fairness
retaliate,virtue,fairness
level the playing field,virtue,fairness
eye for an eye,virtue,fairness
square deals,virtue,fairness
repayment,virtue,fairness
payback,virtue,fairness
equities,virtue,fairness
justify,virtue,fairness
dues,virtue,fairness
square dealing,virtue,fairness
referee,virtue,fairness
repaid,virtue,fairness
square dealer,virtue,fairness
equalizer,virtue,fairness
due processes,virtue,fairness
level playing fields,virtue,fairness
repay,virtue,fairness
compensates,virtue,fairness
justifying,virtue,fairness
due processing,virtue,fairness
due process,virtue,fairness
repayments,virtue,fairness
repaying,virtue,fairness
level playing field,virtue,fairness
retaliating,virtue,fairness
square dealers,virtue,fairness
retaliated,virtue,fairness
refereed,virtue,fairness
revenger,virtue,fairness
avenging,virtue,fairness
repays,virtue,fairness
trusted,virtue,fairness
avenge,virtue,fairness
retaliates,virtue,fairness
equalizers,virtue,fairness
avenged,virtue,fairness
avenges,virtue,fairness
cheat,vice,fairness
unfair,vice,fairness
cheating,vice,fairness
unfairness,vice,fairness
injustice,vice,fairness
fraud,vice,fairness
dishonest,vice,fairness
unjust,vice,fairness
cheated,vice,fairness
fraudulent,vice,fairness
cheats,vice,fairness
frauds,vice,fairness
dishonesty,vice,fairness
cheaters,vice,fairness
deception,vice,fairness
injustices,vice,fairness
swindle,vice,fairness
inequity,vice,fairness
hypocrisy,vice,fairness
discrimination,vice,fairness
unequal,vice,fairness
cheater,vice,fairness
inequities,vice,fairness
defraud,vice,fairness
racism,vice,fairness
scam,vice,fairness
liar,vice,fairness
defrauds,vice,fairness
betrayal,vice,fairness
deceit,vice,fairness
defrauded,vice,fairness
inequality,vice,fairness
liars,vice,fairness
defrauders,vice,fairness
hypocrite,vice,fairness
biased,vice,fairness
ripoffs,vice,fairness
scams,vice,fairness
fleecing,vice,fairness
defrauder,vice,fairness
discriminates,vice,fairness
mislead,vice,fairness
inequalities,vice,fairness
prejudice,vice,fairness
fleeced,vice,fairness
defrauding,vice,fairness
ripoff,vice,fairness
scamming,vice,fairness
imposters,vice,fairness
exploitation,vice,fairness
crooked,vice,fairness
oppress,vice,fairness
racist,vice,fairness
oppression,vice,fairness
imposter,vice,fairness
swindled,vice,fairness
hypocrites,vice,fairness
plagiarism,vice,fairness
lied,vice,fairness
untrustworthiness,vice,fairness
hoodwink,vice,fairness
scammed,vice,fairness
blackmail,vice,fairness
bilks,vice,fairness
swindling,vice,fairness
betrayed,vice,fairness
bias,vice,fairness
connive,vice,fairness
crooks,vice,fairness
deceive,vice,fairness
freeloaders,vice,fairness
favoritism,vice,fairness
disparity,vice,fairness
swindles,vice,fairness
deceived,vice,fairness
exploiters,vice,fairness
misleading,vice,fairness
discriminated,vice,fairness
bilked,vice,fairness
deceiving,vice,fairness
untrustworthy,vice,fairness
prejudiced,vice,fairness
false advertise,vice,fairness
scammers,vice,fairness
swindler,vice,fairness
theft,vice,fairness
duplicitous,vice,fairness
hoodwinked,vice,fairness
bigoted,vice,fairness
sexism,vice,fairness
disproportionate,vice,fairness
swindlers,vice,fairness
discriminate,vice,fairness
conniving,vice,fairness
sexist,vice,fairness
betraying,vice,fairness
hoodwinking,vice,fairness
partiality,vice,fairness
misleads,vice,fairness
disproportion,vice,fairness
economic disparity,vice,fairness
exploiter,vice,fairness
bilk,vice,fairness
biases,vice,fairness
bigots,vice,fairness
distrust,vice,fairness
dupe,vice,fairness
crook,vice,fairness
racists,vice,fairness
con artist,vice,fairness
bilking,vice,fairness
blackmailing,vice,fairness
deceives,vice,fairness
betrayers,vice,fairness
deceiver,vice,fairness
blackmailed,vice,fairness
duping,vice,fairness
shyster,vice,fairness
connivers,vice,fairness
imbalanced,vice,fairness
con artists,vice,fairness
sexists,vice,fairness
thieving,vice,fairness
betray,vice,fairness
imbalance,vice,fairness
disproportions,vice,fairness
disproportionately,vice,fairness
freeloader,vice,fairness
misleaders,vice,fairness
connived,vice,fairness
shysters,vice,fairness
scammer,vice,fairness
connives,vice,fairness
conniver,vice,fairness
disadvantaged,vice,fairness
plagiaristic,vice,fairness
moocher,vice,fairness
dupes,vice,fairness
discriminating,vice,fairness
tricked,vice,fairness
segregation,vice,fairness
false advertised,vice,fairness
thief,vice,fairness
betrayer,vice,fairness
bigot,vice,fairness
exploiting,vice,fairness
lying,vice,fairness
thieves,vice,fairness
stealing,vice,fairness
suckered,vice,fairness
deceivers,vice,fairness
bamboozled,vice,fairness
false advertisement,vice,fairness
freeload,vice,fairness
bamboozle,vice,fairness
did rob,vice,fairness
freeloading,vice,fairness
steal,vice,fairness
pickpocketing,vice,fairness
blackmailer,vice,fairness
prejudicing,vice,fairness
chauvinists,vice,fairness
exploit,vice,fairness
misleader,vice,fairness
hoodwinks,vice,fairness
false advertiser,vice,fairness
imbalances,vice,fairness
pickpocketed,vice,fairness
exploited,vice,fairness
pickpockets,vice,fairness
bamboozles,vice,fairness
tricking,vice,fairness
taking advantage,vice,fairness
pickpocket,vice,fairness
false advertisers,vice,fairness
biasing,vice,fairness
false impression,vice,fairness
bamboozling,vice,fairness
false witness,vice,fairness
robs,vice,fairness
moochers,vice,fairness
betrays,vice,fairness
robbing,vice,fairness
false advertises,vice,fairness
false impressions,vice,fairness
blackmails,vice,fairness
double cross,vice,fairness
blackmailers,vice,fairness
will rob,vice,fairness
stolen,vice,fairness
distrustful,vice,fairness
false advertising,vice,fairness
double crossers,vice,fairness
mooches,vice,fairness
disproportioned,vice,fairness
mooching,vice,fairness
segregated,vice,fairness
double crosser,vice,fairness
robbed,vice,fairness
misleadingly,vice,fairness
segregating,vice,fairness
stole,vice,fairness
double crosses,vice,fairness
being partial,vice,fairness
exploits,vice,fairness
distrusts,vice,fairness
mooch,vice,fairness
segregate,vice,fairness
robbers,vice,fairness
distrusted,vice,fairness
double crossing,vice,fairness
distrusting,vice,fairness
double crossed,vice,fairness
be partial,vice,fairness
go back on,vice,fairness
stacking the deck,vice,fairness
robber,vice,fairness
segregates,vice,fairness
ripping off,vice,fairness
trickster,vice,fairness
rips off,vice,fairness
behind their backs,vice,fairness
mooched,vice,fairness
stacked the deck,vice,fairness
was partial,vice,fairness
am partial,vice,fairness
stacked deck,vice,fairness
stacks the deck,vice,fairness
behind their back,vice,fairness
been partial,vice,fairness
free rider,vice,fairness
ripped off,vice,fairness
free riders,vice,fairness
deceivingly,vice,fairness
steals,vice,fairness
unequaled,vice,fairness
team player,virtue,loyalty
player,virtue,loyalty
patriot,virtue,loyalty
loyal,virtue,loyalty
loyalty,virtue,loyalty
patriots,virtue,loyalty
follower,virtue,loyalty
fidelity,virtue,loyalty
allegiance,virtue,loyalty
ally,virtue,loyalty
comrade,virtue,loyalty
loyalties,virtue,loyalty
death do us part,virtue,loyalty
faction,virtue,loyalty
comrades,virtue,loyalty
allegiances,virtue,loyalty
sacrifice,virtue,loyalty
allies,virtue,loyalty
organization,virtue,loyalty
followers,virtue,loyalty
us against them,virtue,loyalty
sacrifices,virtue,loyalty
all for one,virtue,loyalty
camaraderie,virtue,loyalty
comradery,virtue,loyalty
one for all,virtue,loyalty
fellow,virtue,loyalty
family,virtue,loyalty
allegiant,virtue,loyalty
corps,virtue,loyalty
unity,virtue,loyalty
union jack,virtue,loyalty
uniter,virtue,loyalty
old glory,virtue,loyalty
companions,virtue,loyalty
country,virtue,loyalty
companion,virtue,loyalty
homeland,virtue,loyalty
sacrificing,virtue,loyalty
indivisible,virtue,loyalty
sacrificed,virtue,loyalty
solidarity,virtue,loyalty
troops,virtue,loyalty
nation,virtue,loyalty
cult,virtue,loyalty
kinship,virtue,loyalty
companionship,virtue,loyalty
clique,virtue,loyalty
allied,virtue,loyalty
community,virtue,loyalty
group,virtue,loyalty
factions,virtue,loyalty
familiarity,virtue,loyalty
solidarities,virtue,loyalty
enlist,virtue,loyalty
companionships,virtue,loyalty
wife,virtue,loyalty
united,virtue,loyalty
belongs,virtue,loyalty
congregation,virtue,loyalty
brothers in arms,virtue,loyalty
clan,virtue,loyalty
trooper,virtue,loyalty
sect,virtue,loyalty
enlisted,virtue,loyalty
enlistment,virtue,loyalty
tribalism,virtue,loyalty
cohorts,virtue,loyalty
war,virtue,loyalty
joining,virtue,loyalty
troop,virtue,loyalty
sacrificial,virtue,loyalty
coalition,virtue,loyalty
insider,virtue,loyalty
pledge,virtue,loyalty
cohort,virtue,loyalty
enlisting,virtue,loyalty
unite,virtue,loyalty
communion,virtue,loyalty
familiarities,virtue,loyalty
belong,virtue,loyalty
ingroup,virtue,loyalty
belonged,virtue,loyalty
company,virtue,loyalty
collective,virtue,loyalty
fellows,virtue,loyalty
cliques,virtue,loyalty
uniting,virtue,loyalty
clans,virtue,loyalty
hazing,virtue,loyalty
congregates,virtue,loyalty
herd,virtue,loyalty
sects,virtue,loyalty
uniters,virtue,loyalty
undivided,virtue,loyalty
unites,virtue,loyalty
pledgers,virtue,loyalty
coalitions,virtue,loyalty
enlists,virtue,loyalty
grouping,virtue,loyalty
insiders,virtue,loyalty
families,virtue,loyalty
troupe,virtue,loyalty
fellowship,virtue,loyalty
kin,virtue,loyalty
pledger,virtue,loyalty
horde,virtue,loyalty
nations,virtue,loyalty
tribe,virtue,loyalty
hordes,virtue,loyalty
pledges,virtue,loyalty
herder,virtue,loyalty
commune,virtue,loyalty
cults,virtue,loyalty
congregations,virtue,loyalty
organizations,virtue,loyalty
herds,virtue,loyalty
pledging,virtue,loyalty
communities,virtue,loyalty
familiar,virtue,loyalty
hazings,virtue,loyalty
belonging,virtue,loyalty
pledged,virtue,loyalty
bowed,virtue,loyalty
collectively,virtue,loyalty
together,virtue,loyalty
groups,virtue,loyalty
homelands,virtue,loyalty
collectives,virtue,loyalty
troopers,virtue,loyalty
tribes,virtue,loyalty
companies,virtue,loyalty
countries,virtue,loyalty
troupes,virtue,loyalty
fellowships,virtue,loyalty
tribal,virtue,loyalty
communes,virtue,loyalty
herders,virtue,loyalty
grouped,virtue,loyalty
herding,virtue,loyalty
congregate,virtue,loyalty
herded,virtue,loyalty
congregating,virtue,loyalty
traitor,vice,loyalty
disloyal,vice,loyalty
treason,vice,loyalty
traitors,vice,loyalty
betray,vice,loyalty
betraying,vice,loyalty
betrayer,vice,loyalty
betrayers,vice,loyalty
unpatriotic,vice,loyalty
betrayed,vice,loyalty
treachery,vice,loyalty
enemies,vice,loyalty
backstabber,vice,loyalty
backstabbed,vice,loyalty
heretic,vice,loyalty
enemy,vice,loyalty
betrays,vice,loyalty
deserter,vice,loyalty
infidels,vice,loyalty
infidel,vice,loyalty
backstab,vice,loyalty
deserting,vice,loyalty
apostate,vice,loyalty
heresy,vice,loyalty
backstabbers,vice,loyalty
heretics,vice,loyalty
unfaithful,vice,loyalty
rebellion,vice,loyalty
desertion,vice,loyalty
deserters,vice,loyalty
apostates,vice,loyalty
unfaithfulness,vice,loyalty
backstabbing,vice,loyalty
rebel,vice,loyalty
cheat on,vice,loyalty
treacherous,vice,loyalty
backstabs,vice,loyalty
heresies,vice,loyalty
outsider,vice,loyalty
outgroup,vice,loyalty
cheated on,vice,loyalty
against us,vice,loyalty
cheating on,vice,loyalty
rebels,vice,loyalty
infidelity,vice,loyalty
outgroups,vice,loyalty
rebellions,vice,loyalty
outsiders,vice,loyalty
cheats on,vice,loyalty
respect,virtue,authority
obey,virtue,authority
authority,virtue,authority
obeyed,virtue,authority
deference,virtue,authority
reverence,virtue,authority
respecting,virtue,authority
obeying,virtue,authority
tradition,virtue,authority
adhere,virtue,authority
obeys,virtue,authority
revere,virtue,authority
govern,virtue,authority
comply,virtue,authority
respectful,virtue,authority
honor,virtue,authority
adhered,virtue,authority
allegiance,virtue,authority
dictates,virtue,authority
nobility,virtue,authority
forbid,virtue,authority
dominion,virtue,authority
governed,virtue,authority
obedient,virtue,authority
reveres,virtue,authority
adhering,virtue,authority
governs,virtue,authority
governing,virtue,authority
oppress,virtue,authority
respected,virtue,authority
respectfully,virtue,authority
honorable,virtue,authority
dictate,virtue,authority
commandments,virtue,authority
commandment,virtue,authority
venerate,virtue,authority
politeness,virtue,authority
respects,virtue,authority
obedience,virtue,authority
divine right,virtue,authority
forbids,virtue,authority
permission,virtue,authority
veneration,virtue,authority
hierarchy,virtue,authority
forbade,virtue,authority
honoring,virtue,authority
proper,virtue,authority
venerated,virtue,authority
stature,virtue,authority
acquiesce,virtue,authority
adherence,virtue,authority
deferential,virtue,authority
leadership,virtue,authority
punish,virtue,authority
forbidding,virtue,authority
revered,virtue,authority
filial piety,virtue,authority
patriarchs,virtue,authority
decree,virtue,authority
coerce,virtue,authority
dominions,virtue,authority
dictating,virtue,authority
venerating,virtue,authority
wear the crown,virtue,authority
venerates,virtue,authority
institution,virtue,authority
monarchical,virtue,authority
servant,virtue,authority
decrees,virtue,authority
permit,virtue,authority
do as one says,virtue,authority
supervise,virtue,authority
duty,virtue,authority
compliance,virtue,authority
lionize,virtue,authority
supervision,virtue,authority
take orders,virtue,authority
take up arms,virtue,authority
duties,virtue,authority
dictated,virtue,authority
elders,virtue,authority
emperors,virtue,authority
commands,virtue,authority
acquiesced,virtue,authority
emperor,virtue,authority
adheres,virtue,authority
servants,virtue,authority
regulations,virtue,authority
covenant,virtue,authority
hierarchical,virtue,authority
subordinate,virtue,authority
policing,virtue,authority
decreeing,virtue,authority
acquiesces,virtue,authority
authorizing,virtue,authority
nobles,virtue,authority
permits,virtue,authority
matriarchal,virtue,authority
authorizes,virtue,authority
control,virtue,authority
command,virtue,authority
subordinating,virtue,authority
hierarchies,virtue,authority
reverential,virtue,authority
deferentially,virtue,authority
punishes,virtue,authority
patriarch,virtue,authority
empires,virtue,authority
honored,virtue,authority
allegiant,virtue,authority
protect,virtue,authority
traditional,virtue,authority
subordination,virtue,authority
punished,virtue,authority
noble,virtue,authority
order,virtue,authority
worship,virtue,authority
social order,virtue,authority
monarchs,virtue,authority
ruling,virtue,authority
lead by example,virtue,authority
authorities,virtue,authority
guiding,virtue,authority
presidents,virtue,authority
slavishly,virtue,authority
patriarchy,virtue,authority
subordinates,virtue,authority
protection,virtue,authority
supervisers,virtue,authority
bow before,virtue,authority
fathers,virtue,authority
bow down,virtue,authority
institutions,virtue,authority
coercion,virtue,authority
governors,virtue,authority
commanded,virtue,authority
police,virtue,authority
authorize,virtue,authority
bullys,virtue,authority
bully,virtue,authority
protecting,virtue,authority
acquiescing,virtue,authority
empire,virtue,authority
mentor,virtue,authority
chiefs,virtue,authority
monarchies,virtue,authority
honors,virtue,authority
preside over,virtue,authority
acquiescent,virtue,authority
allegiances,virtue,authority
bowing,virtue,authority
oligarchy,virtue,authority
willing,virtue,authority
polite,virtue,authority
supervising,virtue,authority
pecking order,virtue,authority
compliantly,virtue,authority
bishops,virtue,authority
monarch,virtue,authority
slaves,virtue,authority
traitors,virtue,authority
punishments,virtue,authority
authorized,virtue,authority
protector,virtue,authority
compliant,virtue,authority
dutiful,virtue,authority
father,virtue,authority
punishment,virtue,authority
coerces,virtue,authority
toe the line,virtue,authority
monarchy,virtue,authority
obediently,virtue,authority
elder,virtue,authority
oligarchies,virtue,authority
dictators,virtue,authority
leaders,virtue,authority
bishop,virtue,authority
lorded over,virtue,authority
worships,virtue,authority
coercing,virtue,authority
protectors,virtue,authority
dictator,virtue,authority
protected,virtue,authority
punishing,virtue,authority
traitor,virtue,authority
commanding,virtue,authority
coerced,virtue,authority
commanders,virtue,authority
pope,virtue,authority
punitive,virtue,authority
underlings,virtue,authority
master,virtue,authority
subordinated,virtue,authority
president,virtue,authority
in charge,virtue,authority
matriarchy,virtue,authority
lionizing,virtue,authority
slave,virtue,authority
chief,virtue,authority
covenants,virtue,authority
commander,virtue,authority
matriarch,virtue,authority
authorizer,virtue,authority
guide,virtue,authority
ordered,virtue,authority
supervised,virtue,authority
captains,virtue,authority
punisher,virtue,authority
supervises,virtue,authority
bossing,virtue,authority
commandant,virtue,authority
governor,virtue,authority
protects,virtue,authority
admiral,virtue,authority
top gun,virtue,authority
bowed,virtue,authority
dominate,virtue,authority
arrest,virtue,authority
mentored,virtue,authority
ordering,virtue,authority
submit,virtue,authority
institutional,virtue,authority
prime minister,virtue,authority
lionizes,virtue,authority
ranking,virtue,authority
boss,virtue,authority
captain,virtue,authority
by the book,virtue,authority
mentors,virtue,authority
bullies,virtue,authority
dominant,virtue,authority
arrested,virtue,authority
bossed,virtue,authority
leader,virtue,authority
rank,virtue,authority
arresting,virtue,authority
chieftain,virtue,authority
prime ministers,virtue,authority
regulation,virtue,authority
superviser,virtue,authority
dean,virtue,authority
arrests,virtue,authority
punishers,virtue,authority
bullied,virtue,authority
matriarchs,virtue,authority
controlling,virtue,authority
managerial,virtue,authority
bosses,virtue,authority
ranks,virtue,authority
controls,virtue,authority
dictation,virtue,authority
guides,virtue,authority
oligarchs,virtue,authority
principals,virtue,authority
top dog,virtue,authority
admirals,virtue,authority
caste,virtue,authority
captaining,virtue,authority
queen,virtue,authority
mentoring,virtue,authority
elderly,virtue,authority
castes,virtue,authority
governess,virtue,authority
captained,virtue,authority
principal,virtue,authority
bullying,virtue,authority
submission,virtue,authority
dominated,virtue,authority
corporate ladders,virtue,authority
queens,virtue,authority
underling,virtue,authority
corporate ladder,virtue,authority
fathered,virtue,authority
dominates,virtue,authority
dominating,virtue,authority
presidential,virtue,authority
oligarch,virtue,authority
controlled,virtue,authority
submits,virtue,authority
submitting,virtue,authority
head honcho,virtue,authority
commandingly,virtue,authority
vice president,virtue,authority
slaving,virtue,authority
fathering,virtue,authority
slaved,virtue,authority
managers,virtue,authority
forbiddingly,virtue,authority
controllers,virtue,authority
submitted,virtue,authority
ringleaders,virtue,authority
ringleader,virtue,authority
controller,virtue,authority
ranked,virtue,authority
manager,virtue,authority
prime ministerial,virtue,authority
submissions,virtue,authority
ceo,virtue,authority
punishingly,virtue,authority
submitter,virtue,authority
submitters,virtue,authority
disrespect,vice,authority
disobey,vice,authority
disobedience,vice,authority
anarchy,vice,authority
chaos,vice,authority
subversion,vice,authority
subvert,vice,authority
lawlessness,vice,authority
subverting,vice,authority
disrespecting,vice,authority
sedition,vice,authority
treason,vice,authority
overthrow,vice,authority
insurrection,vice,authority
rebellion,vice,authority
transgress,vice,authority
treachery,vice,authority
dissent,vice,authority
dishonor,vice,authority
dissension,vice,authority
disrespects,vice,authority
bedlam,vice,authority
rebelling,vice,authority
misrule,vice,authority
transgression,vice,authority
insurrectional,vice,authority
pandemonium,vice,authority
mutiny,vice,authority
mutinies,vice,authority
misruling,vice,authority
disobedient,vice,authority
subverted,vice,authority
transgresses,vice,authority
transgressed,vice,authority
disarray,vice,authority
misruled,vice,authority
rioting,vice,authority
lawless,vice,authority
transgressing,vice,authority
illegality,vice,authority
overthrowing,vice,authority
dishonorable,vice,authority
dishonoring,vice,authority
rebelled,vice,authority
rebellions,vice,authority
riot,vice,authority
dishonouring,vice,authority
disrespected,vice,authority
permissiveness,vice,authority
refuser,vice,authority
unruly,vice,authority
subverts,vice,authority
unlawfulness,vice,authority
overthrown,vice,authority
anarchistic,vice,authority
dishonours,vice,authority
riots,vice,authority
refuse,vice,authority
chaotic,vice,authority
nonconformity,vice,authority
dissenters,vice,authority
uprising,vice,authority
insurrections,vice,authority
rioters,vice,authority
disordering,vice,authority
insubordinate,vice,authority
mutinied,vice,authority
insurrectionist,vice,authority
unlawful,vice,authority
nonconformists,vice,authority
heresy,vice,authority
uprisings,vice,authority
dishonors,vice,authority
tumult,vice,authority
overthrew,vice,authority
overthrows,vice,authority
rabble rousers,vice,authority
renegade,vice,authority
impolite,vice,authority
renegades,vice,authority
rabble rousing,vice,authority
dishonored,vice,authority
illegal,vice,authority
rioter,vice,authority
mutinous,vice,authority
disarrayed,vice,authority
apostates,vice,authority
dissidents,vice,authority
anarchists,vice,authority
raise hell,vice,authority
disorder,vice,authority
refusers,vice,authority
permissive,vice,authority
apostate,vice,authority
anarchist,vice,authority
treacherous,vice,authority
dissident,vice,authority
raises hell,vice,authority
disordered,vice,authority
heretic,vice,authority
overpower,vice,authority
rabble rouser,vice,authority
rebel,vice,authority
raising hell,vice,authority
heretics,vice,authority
unauthorized,vice,authority
refusing,vice,authority
rebels,vice,authority
refuses,vice,authority
rioted,vice,authority
orders,vice,authority
dissenter,vice,authority
chaotically,vice,authority
nonconformist,vice,authority
heresies,vice,authority
illegals,vice,authority
unlawfully,vice,authority
heretical,vice,authority
dissents,vice,authority
traditions,vice,authority
dissenting,vice,authority
overpowers,vice,authority
trouble maker,vice,authority
refused,vice,authority
rock the boat,vice,authority
overpowering,vice,authority
tumultuous,vice,authority
overpowered,vice,authority
dissented,vice,authority
nonconforming,vice,authority
sanctity,virtue,purity
sacred,virtue,purity
sacredness,virtue,purity
purity,virtue,purity
wholesome,virtue,purity
pureness,virtue,purity
wholesomeness,virtue,purity
holiness,virtue,purity
dignity,virtue,purity
godly,virtue,purity
piety,virtue,purity
sanctify,virtue,purity
chastity,virtue,purity
undefiled,virtue,purity
holy,virtue,purity
sacrosanct,virtue,purity
pious,virtue,purity
righteousness,virtue,purity
dignities,virtue,purity
sanctified,virtue,purity
godliness,virtue,purity
spirituality,virtue,purity
chaste,virtue,purity
sanctifies,virtue,purity
righteous,virtue,purity
divine,virtue,purity
religious,virtue,purity
biblical,virtue,purity
spiritual,virtue,purity
deity,virtue,purity
sanctifying,virtue,purity
noble,virtue,purity
modesty,virtue,purity
decency,virtue,purity
scriptures,virtue,purity
nobility,virtue,purity
religion,virtue,purity
hallow,virtue,purity
soul,virtue,purity
hallowed,virtue,purity
deism,virtue,purity
pristine,virtue,purity
exalted,virtue,purity
hallowing,virtue,purity
eternal,virtue,purity
holy cross,virtue,purity
deities,virtue,purity
faith,virtue,purity
unadulterated,virtue,purity
scripture,virtue,purity
wholesomely,virtue,purity
divinities,virtue,purity
worship,virtue,purity
virgin,virtue,purity
god,virtue,purity
catholicism,virtue,purity
saintly,virtue,purity
saintliness,virtue,purity
goddess,virtue,purity
religiosity,virtue,purity
purify,virtue,purity
koranic,virtue,purity
pure,virtue,purity
holy crosses,virtue,purity
exalt,virtue,purity
virginity,virtue,purity
divinity,virtue,purity
consecrates,virtue,purity
heaven,virtue,purity
virginal,virtue,purity
devout,virtue,purity
dignified,virtue,purity
tabernacle,virtue,purity
exalts,virtue,purity
buddhas,virtue,purity
souls,virtue,purity
temple,virtue,purity
unsullied,virtue,purity
heavenly,virtue,purity
cleanliness,virtue,purity
abstinance,virtue,purity
spotlessness,virtue,purity
talmudic,virtue,purity
deists,virtue,purity
gospels,virtue,purity
prophets,virtue,purity
religions,virtue,purity
temples,virtue,purity
buddhist,virtue,purity
goddesses,virtue,purity
saints,virtue,purity
temperance,virtue,purity
celibacy,virtue,purity
consecrated,virtue,purity
priestly,virtue,purity
bless,virtue,purity
marriage,virtue,purity
prophet,virtue,purity
exalting,virtue,purity
unchaste,virtue,purity
supernatural,virtue,purity
eternally,virtue,purity
purification,virtue,purity
apostles,virtue,purity
monastic,virtue,purity
purified,virtue,purity
communion,virtue,purity
gods,virtue,purity
celibate,virtue,purity
christians,virtue,purity
theological,virtue,purity
monasticism,virtue,purity
unspoiled,virtue,purity
sterility,virtue,purity
christian,virtue,purity
buddha,virtue,purity
deist,virtue,purity
prophetic,virtue,purity
saint,virtue,purity
righteously,virtue,purity
apostle,virtue,purity
prayer,virtue,purity
faiths,virtue,purity
shrine,virtue,purity
purifying,virtue,purity
worships,virtue,purity
virgins,virtue,purity
glorious,virtue,purity
dignifies,virtue,purity
atonement,virtue,purity
deification,virtue,purity
orthodoxy,virtue,purity
hallows,virtue,purity
enshrining,virtue,purity
nunneries,virtue,purity
church,virtue,purity
religiously,virtue,purity
blessings,virtue,purity
consecrate,virtue,purity
gospel,virtue,purity
pray,virtue,purity
beatifying,virtue,purity
yogis,virtue,purity
theology,virtue,purity
purifies,virtue,purity
orthodox,virtue,purity
untainted,virtue,purity
torah,virtue,purity
faithfully,virtue,purity
catholic,virtue,purity
heavens,virtue,purity
yogi,virtue,purity
consecrating,virtue,purity
blessed,virtue,purity
faithful,virtue,purity
koran,virtue,purity
abstinence,virtue,purity
jesus,virtue,purity
monastery,virtue,purity
purities,virtue,purity
consecration,virtue,purity
catholics,virtue,purity
prayers,virtue,purity
prayed,virtue,purity
sterile,virtue,purity
blesses,virtue,purity
enshrined,virtue,purity
torahs,virtue,purity
organic,virtue,purity
bible,virtue,purity
glory,virtue,purity
allah,virtue,purity
glories,virtue,purity
priests,virtue,purity
dignifying,virtue,purity
enshrine,virtue,purity
mosques,virtue,purity
spotlessly,virtue,purity
prude,virtue,purity
reverend,virtue,purity
soulful,virtue,purity
deify,virtue,purity
christ,virtue,purity
cathedrals,virtue,purity
churches,virtue,purity
cathedral,virtue,purity
dignify,virtue,purity
monasteries,virtue,purity
raw,virtue,purity
enshrines,virtue,purity
refinement,virtue,purity
nuns,virtue,purity
monks,virtue,purity
gloriously,virtue,purity
almighty,virtue,purity
marring,virtue,purity
repent,virtue,purity
prays,virtue,purity
clean,virtue,purity
orthodoxies,virtue,purity
exterminates,virtue,purity
rabbis,virtue,purity
spotless,virtue,purity
bibles,virtue,purity
mosque,virtue,purity
immaculate,virtue,purity
organics,virtue,purity
purifier,virtue,purity
foods,virtue,purity
lord,virtue,purity
praying,virtue,purity
repenting,virtue,purity
marry,virtue,purity
elevating,virtue,purity
marrying,virtue,purity
immaculately,virtue,purity
rabbi,virtue,purity
nunnery,virtue,purity
priest,virtue,purity
food,virtue,purity
bloodiness,virtue,purity
marries,virtue,purity
synagogues,virtue,purity
synagogue,virtue,purity
refined,virtue,purity
repents,virtue,purity
angel,virtue,purity
blessing,virtue,purity
monk,virtue,purity
rabbinical,virtue,purity
organically,virtue,purity
pope,virtue,purity
nun,virtue,purity
nobles,virtue,purity
prophetically,virtue,purity
blood,virtue,purity
repented,virtue,purity
pastor,virtue,purity
purifiers,virtue,purity
lords,virtue,purity
bloody,virtue,purity
untouched,virtue,purity
cleaning,virtue,purity
exterminating,virtue,purity
exterminated,virtue,purity
imam,virtue,purity
higher power,virtue,purity
cleaners,virtue,purity
married,virtue,purity
beatification,virtue,purity
beatify,virtue,purity
extermination,virtue,purity
exterminate,virtue,purity
cleaner,virtue,purity
body,virtue,purity
immune,virtue,purity
atoning,virtue,purity
imams,virtue,purity
cleaned,virtue,purity
atones,virtue,purity
mary,virtue,purity
refines,virtue,purity
cleans,virtue,purity
atone,virtue,purity
immunities,virtue,purity
immunity,virtue,purity
stainless,virtue,purity
refining,virtue,purity
refine,virtue,purity
atoned,virtue,purity
exterminator,virtue,purity
exterminators,virtue,purity
impurity,vice,purity
degradation,vice,purity
depravity,vice,purity
desecrate,vice,purity
desecration,vice,purity
repulsiveness,vice,purity
degrading,vice,purity
decay,vice,purity
filth,vice,purity
depravities,vice,purity
defile,vice,purity
sin,vice,purity
fornication,vice,purity
repulsive,vice,purity
depraved,vice,purity
impiety,vice,purity
degrade,vice,purity
repugnance,vice,purity
impure,vice,purity
degraded,vice,purity
desecrations,vice,purity
sinfulness,vice,purity
impurities,vice,purity
indecencies,vice,purity
defiled,vice,purity
defiles,vice,purity
uncleanliness,vice,purity
damnation,vice,purity
debauchery,vice,purity
impious,vice,purity
sinful,vice,purity
necrophiliacs,vice,purity
desecrates,vice,purity
sleaziness,vice,purity
desecrating,vice,purity
desecrated,vice,purity
grossness,vice,purity
contaminates,vice,purity
sinning,vice,purity
promiscuity,vice,purity
befouls,vice,purity
rottenness,vice,purity
hedonism,vice,purity
revolting,vice,purity
repugnant,vice,purity
godless,vice,purity
scum,vice,purity
befoul,vice,purity
satanic,vice,purity
sluttiness,vice,purity
disgusting,vice,purity
pestilence,vice,purity
debased,vice,purity
trashiness,vice,purity
sins,vice,purity
degradingly,vice,purity
corrupting,vice,purity
deprave,vice,purity
perverted,vice,purity
debase,vice,purity
fornicating,vice,purity
degraders,vice,purity
defiling,vice,purity
slime,vice,purity
horrors,vice,purity
repugnantly,vice,purity
defiler,vice,purity
deviants,vice,purity
degrades,vice,purity
corrupts,vice,purity
debasing,vice,purity
perverts,vice,purity
parasitic,vice,purity
disgusts,vice,purity
deflowering,vice,purity
hedonistic,vice,purity
deviant,vice,purity
scummy,vice,purity
horrifying,vice,purity
necrophilia,vice,purity
contamination,vice,purity
rot,vice,purity
stain,vice,purity
contaminating,vice,purity
contaminants,vice,purity
dirtying,vice,purity
debases,vice,purity
contaminate,vice,purity
abhor,vice,purity
heresy,vice,purity
sleaze,vice,purity
staining,vice,purity
defilers,vice,purity
harlot,vice,purity
plagues,vice,purity
sullies,vice,purity
fornicators,vice,purity
vermin,vice,purity
befouling,vice,purity
incest,vice,purity
trashy,vice,purity
excreting,vice,purity
deforms,vice,purity
abhorred,vice,purity
decayed,vice,purity
whores,vice,purity
deformities,vice,purity
perverse,vice,purity
adultery,vice,purity
fornicate,vice,purity
excrement,vice,purity
harlots,vice,purity
decaying,vice,purity
fornicator,vice,purity
unclean,vice,purity
nauseating,vice,purity
sully,vice,purity
heresies,vice,purity
satan,vice,purity
damns,vice,purity
satanically,vice,purity
sinned,vice,purity
sinners,vice,purity
adulterous,vice,purity
repulses,vice,purity
corruption,vice,purity
tainting,vice,purity
deformity,vice,purity
necrophiliac,vice,purity
decays,vice,purity
corrupted,vice,purity
deforming,vice,purity
contaminant,vice,purity
disgust,vice,purity
tarnishes,vice,purity
hell,vice,purity
filthy,vice,purity
taint,vice,purity
horrific,vice,purity
fecal,vice,purity
dirtied,vice,purity
flesh,vice,purity
stained,vice,purity
deform,vice,purity
putrid,vice,purity
scatalogical,vice,purity
dirties,vice,purity
whoring,vice,purity
cocksucker,vice,purity
plague,vice,purity
adulterers,vice,purity
excretes,vice,purity
infesting,vice,purity
slimy,vice,purity
excrete,vice,purity
scuzz,vice,purity
horror,vice,purity
tarnish,vice,purity
sexuality,vice,purity
parasite,vice,purity
obscenity,vice,purity
deformed,vice,purity
adulterer,vice,purity
befouled,vice,purity
muck,vice,purity
corpses,vice,purity
soiled,vice,purity
infest,vice,purity
incestuously,vice,purity
incestuous,vice,purity
fucker,vice,purity
devil,vice,purity
parasites,vice,purity
stains,vice,purity
skanks,vice,purity
corpse,vice,purity
whore,vice,purity
lepers,vice,purity
curses,vice,purity
corrupt,vice,purity
pathogens,vice,purity
diseased,vice,purity
deflower,vice,purity
hedonists,vice,purity
sinner,vice,purity
debaucherous,vice,purity
fester,vice,purity
hedonist,vice,purity
sleazy,vice,purity
fucks,vice,purity
promiscuous,vice,purity
cursed,vice,purity
curse,vice,purity
apostates,vice,purity
cocksuckers,vice,purity
heretic,vice,purity
lewdness,vice,purity
slutty,vice,purity
infests,vice,purity
festers,vice,purity
pervert,vice,purity
fuck,vice,purity
skanky,vice,purity
dirty,vice,purity
mucky,vice,purity
puke,vice,purity
alcoholism,vice,purity
feces,vice,purity
sullied,vice,purity
disgustingly,vice,purity
sexual,vice,purity
cunt,vice,purity
taints,vice,purity
profane,vice,purity
heretics,vice,purity
fucking,vice,purity
tarnishing,vice,purity
fornicated,vice,purity
mar,vice,purity
shitting,vice,purity
slut,vice,purity
obscene,vice,purity
barf,vice,purity
rotten,vice,purity
disgusted,vice,purity
cunts,vice,purity
waste,vice,purity
parasitically,vice,purity
sinfully,vice,purity
wastes,vice,purity
vomit,vice,purity
pathogen,vice,purity
rats,vice,purity
pathogenic,vice,purity
indecent,vice,purity
infect,vice,purity
leper,vice,purity
indecently,vice,purity
shit,vice,purity
abhors,vice,purity
skank,vice,purity
infestation,vice,purity
deflowered,vice,purity
leprosy,vice,purity
diseases,vice,purity
heretical,vice,purity
dirt,vice,purity
cursing,vice,purity
tarnishment,vice,purity
disease,vice,purity
prostitution,vice,purity
infested,vice,purity
apostate,vice,purity
sluts,vice,purity
fuckers,vice,purity
profanity,vice,purity
addiction,vice,purity
contaminated,vice,purity
scuzzy,vice,purity
infectiousness,vice,purity
indecency,vice,purity
vomited,vice,purity
germ,vice,purity
prostituting,vice,purity
excreted,vice,purity
rubbish,vice,purity
fucked,vice,purity
sodomy,vice,purity
untouchables,vice,purity
epidemics,vice,purity
swear,vice,purity
shits,vice,purity
whorehouses,vice,purity
pigsty,vice,purity
germs,vice,purity
prostituted,vice,purity
mud,vice,purity
dung,vice,purity
epidemic,vice,purity
rat,vice,purity
douchebag,vice,purity
perversely,vice,purity
pukes,vice,purity
puking,vice,purity
prostitutes,vice,purity
barfs,vice,purity
slutting,vice,purity
trashing,vice,purity
whored,vice,purity
douchebags,vice,purity
infection,vice,purity
shite,vice,purity
spoil,vice,purity
gross,vice,purity
repulsed,vice,purity
pus,vice,purity
festering,vice,purity
cockroaches,vice,purity
tainted,vice,purity
contagion,vice,purity
barfed,vice,purity
infects,vice,purity
damned,vice,purity
addictions,vice,purity
shitty,vice,purity
skanking,vice,purity
trash,vice,purity
whorehouse,vice,purity
phlegm,vice,purity
moldy,vice,purity
plaguing,vice,purity
shat,vice,purity
drugged,vice,purity
garbage,vice,purity
infecting,vice,purity
pandemics,vice,purity
viruses,vice,purity
nauseated,vice,purity
cockroach,vice,purity
puked,vice,purity
drugging,vice,purity
manure,vice,purity
mucking,vice,purity
lewd,vice,purity
alcoholics,vice,purity
gangrenous,vice,purity
barfing,vice,purity
gangrene,vice,purity
shitter,vice,purity
shittier,vice,purity
tarnished,vice,purity
cock,vice,purity
vomits,vice,purity
hookers,vice,purity
damn,vice,purity
addict,vice,purity
alcoholic,vice,purity
nausea,vice,purity
swearing,vice,purity
vomiting,vice,purity
skanked,vice,purity
infections,vice,purity
foul,vice,purity
prostitute,vice,purity
risque,vice,purity
lice,vice,purity
gonorrhea,vice,purity
wasting,vice,purity
profanities,vice,purity
divorces,vice,purity
crappy,vice,purity
spreading,vice,purity
wasters,vice,purity
addicting,vice,purity
trashed,vice,purity
addicts,vice,purity
scabies,vice,purity
swore,vice,purity
nauseous,vice,purity
phlegmatically,vice,purity
spoiling,vice,purity
nauseatingly,vice,purity
drugs,vice,purity
virus,vice,purity
waster,vice,purity
untouchable,vice,purity
addicted,vice,purity
damning,vice,purity
pandemic,vice,purity
hooker,vice,purity
bm,vice,purity
infected,vice,purity
festered,vice,purity
marred,vice,purity
phlegmatic,vice,purity
divorce,vice,purity
viral,vice,purity
contagiously,vice,purity
plagued,vice,purity
repulsing,vice,purity
swears,vice,purity
drug,vice,purity
spoiled,vice,purity
cum,vice,purity
divorcing,vice,purity
wasted,vice,purity
divorced,vice,purity
contagious,vice,purity